Invoice Number,Created Date,Customer Name,Order number,Net Value,Product Code/SKU,Item Price,Quantity,Total Price,Order Status,CN Number,Item Description
7123345,05/05/2020,Srinivas Enterprises,11236,"6,71,42,774",Drill-22109,8265,11,90915,Completed,C-22345,Stanley Black & Decker Bd 20V Max Lith Drill Driver
7123345,05/05/2020,Srinivas Enterprises,11236,"6,71,42,774",Drill-22110,17400,52,904800,Completed,C-22345,Stanley Black & Decker Bd 20V Max Lith Drill Driver
7123345,05/05/2020,Srinivas Enterprises,11236,"6,71,42,774",Drill-22111,8849,2,17698,Completed,C-22345,Stanley Black & Decker Bd 20V Max Lith Drill Driver
7123345,05/05/2020,Srinivas Enterprises,11236,"6,71,42,774",Drill-22112,9746,7,68222,Completed,C-22345,Stanley Black & Decker Bd 20V Max Lith Drill Driver
7123345,05/04/2020,Srinivas Enterprises,11236,"6,71,42,774",Power-7721,19900,26,517400,Completed,C-22345,"Stanley STGS9100 900W,100mm Small Angle Grinder (Yellow and Black)"
7123345,05/04/2020,Srinivas Enterprises,11236,"6,71,42,774",Power-7722,7423,22,163306,Completed,C-22345,"Stanley STGS9100 900W,100mm Small Angle Grinder (Yellow and Black)"
7123345,05/04/2020,Srinivas Enterprises,11236,"6,71,42,774",Power-7723,13535,12,162420,Completed,C-22345,"Stanley STGS9100 900W,100mm Small Angle Grinder (Yellow and Black)"
7123345,05/04/2020,Srinivas Enterprises,11236,"6,71,42,774",Power-7724,19874,20,397480,Completed,C-22345,"Stanley STGS9100 900W,100mm Small Angle Grinder (Yellow and Black)"
7123345,05/04/2020,Srinivas Enterprises,11236,"6,71,42,774",Power-7725,19124,22,420728,Completed,C-22345,"Stanley STGS9100 900W,100mm Small Angle Grinder (Yellow and Black)"
7123345,05/04/2020,Srinivas Enterprises,11236,"6,71,42,774",Power-7726,10287,20,205740,Completed,C-22345,"Stanley STGS9100 900W,100mm Small Angle Grinder (Yellow and Black)"
7123345,05/04/2020,Srinivas Enterprises,11236,"6,71,42,774",Power-7727,14022,13,182286,Completed,C-22345,"Stanley STGS9100 900W,100mm Small Angle Grinder (Yellow and Black)"
7123345,05/04/2020,Srinivas Enterprises,11236,"6,71,42,774",Power-7728,15833,13,205829,Completed,C-22345,"Stanley STGS9100 900W,100mm Small Angle Grinder (Yellow and Black)"
7123345,05/04/2020,Srinivas Enterprises,11236,"6,71,42,774",Power-7729,8866,16,141856,Completed,C-22345,"Stanley STGS9100 900W,100mm Small Angle Grinder (Yellow and Black)"
7123345,05/04/2020,Srinivas Enterprises,11236,"6,71,42,774",Power-7730,14545,30,436350,Completed,C-22345,"Stanley STGS9100 900W,100mm Small Angle Grinder (Yellow and Black)"
7123345,05/04/2020,Srinivas Enterprises,11236,"6,71,42,774",Power-7731,9139,21,191919,Completed,C-22345,"Stanley STGS9100 900W,100mm Small Angle Grinder (Yellow and Black)"
7123345,05/04/2020,Srinivas Enterprises,11236,"6,71,42,774",Power-7732,9750,28,273000,Completed,C-22345,"Stanley STGS9100 900W,100mm Small Angle Grinder (Yellow and Black)"
7123345,05/04/2020,Srinivas Enterprises,11236,"6,71,42,774",Power-7733,17266,19,328054,Completed,C-22345,"Stanley STGS9100 900W,100mm Small Angle Grinder (Yellow and Black)"
7123345,05/04/2020,Srinivas Enterprises,11236,"6,71,42,774",Power-7734,5085,1,5085,Completed,C-22345,"Stanley STGS9100 900W,100mm Small Angle Grinder (Yellow and Black)"
7123345,05/04/2020,Srinivas Enterprises,11236,"6,71,42,774",Power-7735,10820,24,259680,Completed,C-22345,"Stanley STGS9100 900W,100mm Small Angle Grinder (Yellow and Black)"
7123345,05/04/2020,Srinivas Enterprises,11236,"6,71,42,774",Power-7736,18407,9,165663,Completed,C-22345,"Stanley STGS9100 900W,100mm Small Angle Grinder (Yellow and Black)"
7123345,05/04/2020,Srinivas Enterprises,11236,"6,71,42,774",Power-7737,7077,19,134463,Completed,C-22345,"Stanley STGS9100 900W,100mm Small Angle Grinder (Yellow and Black)"
7123345,05/04/2020,Srinivas Enterprises,11236,"6,71,42,774",Power-7738,16743,24,401832,Completed,C-22345,"Stanley STGS9100 900W,100mm Small Angle Grinder (Yellow and Black)"
7123345,05/04/2020,Srinivas Enterprises,11236,"6,71,42,774",Power-7739,13803,20,276060,Completed,C-22345,"Stanley STGS9100 900W,100mm Small Angle Grinder (Yellow and Black)"
7123345,05/04/2020,Srinivas Enterprises,11236,"6,71,42,774",Power-7740,7900,7,55300,Completed,C-22345,"Stanley STGS9100 900W,100mm Small Angle Grinder (Yellow and Black)"
7123345,05/04/2020,Srinivas Enterprises,11236,"6,71,42,774",Power-7741,15684,3,47052,Completed,C-22345,"Stanley STGS9100 900W,100mm Small Angle Grinder (Yellow and Black)"
7123345,05/04/2020,Srinivas Enterprises,11236,"6,71,42,774",Power-7742,11769,21,247149,Completed,C-22345,"Stanley STGS9100 900W,100mm Small Angle Grinder (Yellow and Black)"
7123345,05/04/2020,Srinivas Enterprises,11236,"6,71,42,774",Power-7743,9930,20,198600,Completed,C-22345,"Stanley STGS9100 900W,100mm Small Angle Grinder (Yellow and Black)"
7123345,05/04/2020,Srinivas Enterprises,11236,"6,71,42,774",Power-7744,14362,24,344688,Completed,C-22345,"Stanley STGS9100 900W,100mm Small Angle Grinder (Yellow and Black)"
7123345,05/04/2020,Srinivas Enterprises,11236,"6,71,42,774",Power-7745,10773,3,32319,Completed,C-22345,"Stanley STGS9100 900W,100mm Small Angle Grinder (Yellow and Black)"
7123345,05/04/2020,Srinivas Enterprises,11236,"6,71,42,774",Power-7746,6904,7,48328,Completed,C-22345,"Stanley STGS9100 900W,100mm Small Angle Grinder (Yellow and Black)"
7123345,05/04/2020,Srinivas Enterprises,11236,"6,71,42,774",Power-7747,7272,10,72720,Completed,C-22345,"Stanley STGS9100 900W,100mm Small Angle Grinder (Yellow and Black)"
7123345,05/04/2020,Srinivas Enterprises,11236,"6,71,42,774",Power-7748,12183,12,146196,Completed,C-22345,"Stanley STGS9100 900W,100mm Small Angle Grinder (Yellow and Black)"
7123345,05/04/2020,Srinivas Enterprises,11236,"6,71,42,774",Power-7749,15052,26,391352,Completed,C-22345,"Stanley STGS9100 900W,100mm Small Angle Grinder (Yellow and Black)"
7123345,05/04/2020,Srinivas Enterprises,11236,"6,71,42,774",Power-7750,10165,10,101650,Completed,C-22345,"Stanley STGS9100 900W,100mm Small Angle Grinder (Yellow and Black)"
7123345,05/04/2020,Srinivas Enterprises,11236,"6,71,42,774",Power-7751,19410,18,349380,Completed,C-22345,"Stanley STGS9100 900W,100mm Small Angle Grinder (Yellow and Black)"
7123345,05/04/2020,Srinivas Enterprises,11236,"6,71,42,774",Power-7752,18104,2,36208,Completed,C-22345,"Stanley STGS9100 900W,100mm Small Angle Grinder (Yellow and Black)"
7123345,05/04/2020,Srinivas Enterprises,11236,"6,71,42,774",Power-7753,6161,12,73932,Completed,C-22345,"Stanley STGS9100 900W,100mm Small Angle Grinder (Yellow and Black)"
7123345,05/04/2020,Srinivas Enterprises,11236,"6,71,42,774",Power-7754,10439,18,187902,Completed,C-22345,"Stanley STGS9100 900W,100mm Small Angle Grinder (Yellow and Black)"
7123345,05/04/2020,Srinivas Enterprises,11236,"6,71,42,774",Power-7755,11974,14,167636,Completed,C-22345,"Stanley STGS9100 900W,100mm Small Angle Grinder (Yellow and Black)"
7123345,05/04/2020,Srinivas Enterprises,11236,"6,71,42,774",Power-7756,10045,2,20090,Completed,C-22345,"Stanley STGS9100 900W,100mm Small Angle Grinder (Yellow and Black)"
7123345,05/04/2020,Srinivas Enterprises,11236,"6,71,42,774",Power-7757,12033,8,96264,Completed,C-22345,"Stanley STGS9100 900W,100mm Small Angle Grinder (Yellow and Black)"
7123345,05/04/2020,Srinivas Enterprises,11236,"6,71,42,774",Power-7758,11148,30,334440,Completed,C-22345,"Stanley STGS9100 900W,100mm Small Angle Grinder (Yellow and Black)"
7123345,05/04/2020,Srinivas Enterprises,11236,"6,71,42,774",Power-7759,16857,3,50571,Completed,C-22345,"Stanley STGS9100 900W,100mm Small Angle Grinder (Yellow and Black)"
7123345,05/04/2020,Srinivas Enterprises,11236,"6,71,42,774",Power-7760,6119,1,6119,Completed,C-22345,"Stanley STGS9100 900W,100mm Small Angle Grinder (Yellow and Black)"
7123345,05/04/2020,Srinivas Enterprises,11236,"6,71,42,774",Power-7761,19146,5,95730,Completed,C-22345,"Stanley STGS9100 900W,100mm Small Angle Grinder (Yellow and Black)"
7123345,05/04/2020,Srinivas Enterprises,11236,"6,71,42,774",Power-7762,8740,17,148580,Completed,C-22345,"Stanley STGS9100 900W,100mm Small Angle Grinder (Yellow and Black)"
7123345,05/04/2020,Srinivas Enterprises,11236,"6,71,42,774",Power-7763,15362,5,76810,Completed,C-22345,"Stanley STGS9100 900W,100mm Small Angle Grinder (Yellow and Black)"
7123345,05/04/2020,Srinivas Enterprises,11236,"6,71,42,774",Power-7764,14841,9,133569,Completed,C-22345,"Stanley STGS9100 900W,100mm Small Angle Grinder (Yellow and Black)"
7123345,05/04/2020,Srinivas Enterprises,11236,"6,71,42,774",Power-7765,16995,25,424875,Completed,C-22345,"Stanley STGS9100 900W,100mm Small Angle Grinder (Yellow and Black)"
7123345,05/04/2020,Srinivas Enterprises,11236,"6,71,42,774",Power-7766,19223,6,115338,Completed,C-22345,"Stanley STGS9100 900W,100mm Small Angle Grinder (Yellow and Black)"
7123345,05/04/2020,Srinivas Enterprises,11236,"6,71,42,774",Power-7767,6968,26,181168,Completed,C-22345,"Stanley STGS9100 900W,100mm Small Angle Grinder (Yellow and Black)"
7123345,05/04/2020,Srinivas Enterprises,11236,"6,71,42,774",Power-7768,7656,17,130152,Completed,C-22345,"Stanley STGS9100 900W,100mm Small Angle Grinder (Yellow and Black)"
7123345,05/04/2020,Srinivas Enterprises,11236,"6,71,42,774",Power-7769,14856,27,401112,Completed,C-22345,"Stanley STGS9100 900W,100mm Small Angle Grinder (Yellow and Black)"
7123345,05/04/2020,Srinivas Enterprises,11236,"6,71,42,774",Power-7770,7224,13,93912,Completed,C-22345,"Stanley STGS9100 900W,100mm Small Angle Grinder (Yellow and Black)"
7123345,05/04/2020,Srinivas Enterprises,11236,"6,71,42,774",Power-7771,9492,17,161364,Completed,C-22345,"Stanley STGS9100 900W,100mm Small Angle Grinder (Yellow and Black)"
7123345,05/04/2020,Srinivas Enterprises,11236,"6,71,42,774",Power-7772,6982,23,160586,Completed,C-22345,"Stanley STGS9100 900W,100mm Small Angle Grinder (Yellow and Black)"
7123345,05/04/2020,Srinivas Enterprises,11236,"6,71,42,774",Power-7773,7913,10,79130,Completed,C-22345,"Stanley STGS9100 900W,100mm Small Angle Grinder (Yellow and Black)"
7123345,05/04/2020,Srinivas Enterprises,11236,"6,71,42,774",Power-7774,12978,11,142758,Completed,C-22345,"Stanley STGS9100 900W,100mm Small Angle Grinder (Yellow and Black)"
7123345,05/04/2020,Srinivas Enterprises,11236,"6,71,42,774",Power-7775,11969,21,251349,Completed,C-22345,"Stanley STGS9100 900W,100mm Small Angle Grinder (Yellow and Black)"
7123345,05/04/2020,Srinivas Enterprises,11236,"6,71,42,774",Power-7776,11835,13,153855,Completed,C-22345,"Stanley STGS9100 900W,100mm Small Angle Grinder (Yellow and Black)"
7123345,05/04/2020,Srinivas Enterprises,11236,"6,71,42,774",Power-7777,14031,17,238527,Completed,C-22345,"Stanley STGS9100 900W,100mm Small Angle Grinder (Yellow and Black)"
7123345,05/04/2020,Srinivas Enterprises,11236,"6,71,42,774",Power-7778,8458,4,33832,Completed,C-22345,"Stanley STGS9100 900W,100mm Small Angle Grinder (Yellow and Black)"
7123345,05/04/2020,Srinivas Enterprises,11236,"6,71,42,774",Power-7779,5466,8,43728,Completed,C-22345,"Stanley STGS9100 900W,100mm Small Angle Grinder (Yellow and Black)"
7123345,05/04/2020,Srinivas Enterprises,11236,"6,71,42,774",Power-7780,17533,19,333127,Completed,C-22345,"Stanley STGS9100 900W,100mm Small Angle Grinder (Yellow and Black)"
7123345,05/04/2020,Srinivas Enterprises,11236,"6,71,42,774",Power-7781,18660,16,298560,Completed,C-22345,"Stanley STGS9100 900W,100mm Small Angle Grinder (Yellow and Black)"
7123345,05/04/2020,Srinivas Enterprises,11236,"6,71,42,774",Power-7782,5223,15,78345,Completed,C-22345,"Stanley STGS9100 900W,100mm Small Angle Grinder (Yellow and Black)"
7123345,05/04/2020,Srinivas Enterprises,11236,"6,71,42,774",Power-7783,18734,15,281010,Completed,C-22345,"Stanley STGS9100 900W,100mm Small Angle Grinder (Yellow and Black)"
7123345,05/04/2020,Srinivas Enterprises,11236,"6,71,42,774",Power-7784,11465,5,57325,Completed,C-22345,"Stanley STGS9100 900W,100mm Small Angle Grinder (Yellow and Black)"
7123345,05/04/2020,Srinivas Enterprises,11236,"6,71,42,774",Power-7785,6867,12,82404,Completed,C-22345,"Stanley STGS9100 900W,100mm Small Angle Grinder (Yellow and Black)"
7123345,05/04/2020,Srinivas Enterprises,11236,"6,71,42,774",Power-7786,7891,13,102583,Completed,C-22345,"Stanley STGS9100 900W,100mm Small Angle Grinder (Yellow and Black)"
7123345,05/04/2020,Srinivas Enterprises,11236,"6,71,42,774",Power-7787,18904,13,245752,Completed,C-22345,"Stanley STGS9100 900W,100mm Small Angle Grinder (Yellow and Black)"
7123345,05/04/2020,Srinivas Enterprises,11236,"6,71,42,774",Power-7788,11686,5,58430,Completed,C-22345,"Stanley STGS9100 900W,100mm Small Angle Grinder (Yellow and Black)"
7123345,05/04/2020,Srinivas Enterprises,11236,"6,71,42,774",Power-7789,13873,14,194222,Completed,C-22345,"Stanley STGS9100 900W,100mm Small Angle Grinder (Yellow and Black)"
7123345,05/04/2020,Srinivas Enterprises,11236,"6,71,42,774",Power-7790,18044,7,126308,Completed,C-22345,"Stanley STGS9100 900W,100mm Small Angle Grinder (Yellow and Black)"
7123345,05/04/2020,Srinivas Enterprises,11236,"6,71,42,774",Power-7791,18398,3,55194,Completed,C-22345,"Stanley STGS9100 900W,100mm Small Angle Grinder (Yellow and Black)"
7123345,05/04/2020,Srinivas Enterprises,11236,"6,71,42,774",Power-7792,11164,6,66984,Completed,C-22345,"Stanley STGS9100 900W,100mm Small Angle Grinder (Yellow and Black)"
7123345,05/04/2020,Srinivas Enterprises,11236,"6,71,42,774",Power-7793,13212,8,105696,Completed,C-22345,"Stanley STGS9100 900W,100mm Small Angle Grinder (Yellow and Black)"
7123345,05/04/2020,Srinivas Enterprises,11236,"6,71,42,774",Power-7794,17407,23,400361,Completed,C-22345,"Stanley STGS9100 900W,100mm Small Angle Grinder (Yellow and Black)"
7123345,05/04/2020,Srinivas Enterprises,11236,"6,71,42,774",Power-7795,9504,16,152064,Completed,C-22345,"Stanley STGS9100 900W,100mm Small Angle Grinder (Yellow and Black)"
7123345,05/04/2020,Srinivas Enterprises,11236,"6,71,42,774",Power-7796,11234,9,101106,Completed,C-22345,"Stanley STGS9100 900W,100mm Small Angle Grinder (Yellow and Black)"
7123345,05/04/2020,Srinivas Enterprises,11236,"6,71,42,774",Power-7797,16505,8,132040,Completed,C-22345,"Stanley STGS9100 900W,100mm Small Angle Grinder (Yellow and Black)"
7123345,05/04/2020,Srinivas Enterprises,11236,"6,71,42,774",Power-7798,5836,9,52524,Completed,C-22345,"Stanley STGS9100 900W,100mm Small Angle Grinder (Yellow and Black)"
7123345,05/04/2020,Srinivas Enterprises,11236,"6,71,42,774",Power-7799,5310,27,143370,Completed,C-22345,"Stanley STGS9100 900W,100mm Small Angle Grinder (Yellow and Black)"
7123345,05/04/2020,Srinivas Enterprises,11236,"6,71,42,774",Power-7800,17325,20,346500,Completed,C-22345,"Stanley STGS9100 900W,100mm Small Angle Grinder (Yellow and Black)"
7123345,05/04/2020,Srinivas Enterprises,11236,"6,71,42,774",Power-7801,10745,11,118195,Completed,C-22345,"Stanley STGS9100 900W,100mm Small Angle Grinder (Yellow and Black)"
7123345,05/04/2020,Srinivas Enterprises,11236,"6,71,42,774",Power-7802,18757,25,468925,Completed,C-22345,"Stanley STGS9100 900W,100mm Small Angle Grinder (Yellow and Black)"
7123345,05/04/2020,Srinivas Enterprises,11236,"6,71,42,774",Power-7803,12541,18,225738,Completed,C-22345,"Stanley STGS9100 900W,100mm Small Angle Grinder (Yellow and Black)"
7123345,05/04/2020,Srinivas Enterprises,11236,"6,71,42,774",Power-7804,17187,17,292179,Completed,C-22345,"Stanley STGS9100 900W,100mm Small Angle Grinder (Yellow and Black)"
7123345,05/04/2020,Srinivas Enterprises,11236,"6,71,42,774",Power-7805,17955,8,143640,Completed,C-22345,"Stanley STGS9100 900W,100mm Small Angle Grinder (Yellow and Black)"
7123345,05/04/2020,Srinivas Enterprises,11236,"6,71,42,774",Power-7806,8075,28,226100,Completed,C-22345,"Stanley STGS9100 900W,100mm Small Angle Grinder (Yellow and Black)"
7123345,05/04/2020,Srinivas Enterprises,11236,"6,71,42,774",Power-7807,18243,23,419589,Completed,C-22345,"Stanley STGS9100 900W,100mm Small Angle Grinder (Yellow and Black)"
7123345,05/04/2020,Srinivas Enterprises,11236,"6,71,42,774",Power-7808,12598,28,352744,Completed,C-22345,"Stanley STGS9100 900W,100mm Small Angle Grinder (Yellow and Black)"
7123345,05/04/2020,Srinivas Enterprises,11236,"6,71,42,774",Power-7809,15855,29,459795,Completed,C-22345,"Stanley STGS9100 900W,100mm Small Angle Grinder (Yellow and Black)"
7123345,05/04/2020,Srinivas Enterprises,11236,"6,71,42,774",Power-7810,10826,11,119086,Completed,C-22345,"Stanley STGS9100 900W,100mm Small Angle Grinder (Yellow and Black)"
7123345,05/04/2020,Srinivas Enterprises,11236,"6,71,42,774",Power-7811,5857,13,76141,Completed,C-22345,"Stanley STGS9100 900W,100mm Small Angle Grinder (Yellow and Black)"
7123345,05/04/2020,Srinivas Enterprises,11236,"6,71,42,774",Power-7812,10810,5,54050,Completed,C-22345,"Stanley STGS9100 900W,100mm Small Angle Grinder (Yellow and Black)"
7123345,05/04/2020,Srinivas Enterprises,11236,"6,71,42,774",Power-7813,14946,25,373650,Completed,C-22345,"Stanley STGS9100 900W,100mm Small Angle Grinder (Yellow and Black)"
7123345,05/04/2020,Srinivas Enterprises,11236,"6,71,42,774",Power-7814,10504,23,241592,Completed,C-22345,"Stanley STGS9100 900W,100mm Small Angle Grinder (Yellow and Black)"
7123345,05/04/2020,Srinivas Enterprises,11236,"6,71,42,774",Power-7815,18079,19,343501,Completed,C-22345,"Stanley STGS9100 900W,100mm Small Angle Grinder (Yellow and Black)"
7123345,05/04/2020,Srinivas Enterprises,11236,"6,71,42,774",Power-7816,6325,11,69575,Completed,C-22345,"Stanley STGS9100 900W,100mm Small Angle Grinder (Yellow and Black)"
7123345,05/04/2020,Srinivas Enterprises,11236,"6,71,42,774",Power-7817,6691,1,6691,Completed,C-22345,"Stanley STGS9100 900W,100mm Small Angle Grinder (Yellow and Black)"
7123345,05/04/2020,Srinivas Enterprises,11236,"6,71,42,774",Power-7818,8228,18,148104,Completed,C-22345,"Stanley STGS9100 900W,100mm Small Angle Grinder (Yellow and Black)"
7123345,05/04/2020,Srinivas Enterprises,11236,"6,71,42,774",Power-7819,18764,2,37528,Completed,C-22345,"Stanley STGS9100 900W,100mm Small Angle Grinder (Yellow and Black)"
7123345,05/04/2020,Srinivas Enterprises,11236,"6,71,42,774",Power-7820,6814,18,122652,Completed,C-22345,"Stanley STGS9100 900W,100mm Small Angle Grinder (Yellow and Black)"
7123345,05/04/2020,Srinivas Enterprises,11236,"6,71,42,774",Power-7821,5582,9,50238,Completed,C-22345,"Stanley STGS9100 900W,100mm Small Angle Grinder (Yellow and Black)"
7123345,05/04/2020,Srinivas Enterprises,11236,"6,71,42,774",Power-7822,17830,5,89150,Completed,C-22345,"Stanley STGS9100 900W,100mm Small Angle Grinder (Yellow and Black)"
7123345,05/04/2020,Srinivas Enterprises,11236,"6,71,42,774",Power-7823,12664,10,126640,Completed,C-22345,"Stanley STGS9100 900W,100mm Small Angle Grinder (Yellow and Black)"
7123345,05/04/2020,Srinivas Enterprises,11236,"6,71,42,774",Power-7824,10858,19,206302,Completed,C-22345,"Stanley STGS9100 900W,100mm Small Angle Grinder (Yellow and Black)"
7123345,05/04/2020,Srinivas Enterprises,11236,"6,71,42,774",Power-7825,11743,27,317061,Completed,C-22345,"Stanley STGS9100 900W,100mm Small Angle Grinder (Yellow and Black)"
7123345,05/04/2020,Srinivas Enterprises,11236,"6,71,42,774",Power-7826,8205,14,114870,Completed,C-22345,"Stanley STGS9100 900W,100mm Small Angle Grinder (Yellow and Black)"
7123345,05/04/2020,Srinivas Enterprises,11236,"6,71,42,774",Power-7827,11122,11,122342,Completed,C-22345,"Stanley STGS9100 900W,100mm Small Angle Grinder (Yellow and Black)"
7123345,05/04/2020,Srinivas Enterprises,11236,"6,71,42,774",Power-7828,5271,1,5271,Completed,C-22345,"Stanley STGS9100 900W,100mm Small Angle Grinder (Yellow and Black)"
7123345,05/04/2020,Srinivas Enterprises,11236,"6,71,42,774",Power-7829,9881,3,29643,Completed,C-22345,"Stanley STGS9100 900W,100mm Small Angle Grinder (Yellow and Black)"
7123345,05/04/2020,Srinivas Enterprises,11236,"6,71,42,774",Power-7830,15604,1,15604,Completed,C-22345,"Stanley STGS9100 900W,100mm Small Angle Grinder (Yellow and Black)"
7123345,05/04/2020,Srinivas Enterprises,11236,"6,71,42,774",Power-7831,10765,4,43060,Completed,C-22345,"Stanley STGS9100 900W,100mm Small Angle Grinder (Yellow and Black)"
7123345,05/04/2020,Srinivas Enterprises,11236,"6,71,42,774",Power-7832,17273,8,138184,Completed,C-22345,"Stanley STGS9100 900W,100mm Small Angle Grinder (Yellow and Black)"
7123345,05/04/2020,Srinivas Enterprises,11236,"6,71,42,774",Power-7833,8661,17,147237,Completed,C-22345,"Stanley STGS9100 900W,100mm Small Angle Grinder (Yellow and Black)"
7123345,05/04/2020,Srinivas Enterprises,11236,"6,71,42,774",Power-7834,9441,11,103851,Completed,C-22345,"Stanley STGS9100 900W,100mm Small Angle Grinder (Yellow and Black)"
7123345,05/04/2020,Srinivas Enterprises,11236,"6,71,42,774",Power-7835,17494,21,367374,Completed,C-22345,"Stanley STGS9100 900W,100mm Small Angle Grinder (Yellow and Black)"
7123345,05/04/2020,Srinivas Enterprises,11236,"6,71,42,774",Power-7836,17121,13,222573,Completed,C-22345,"Stanley STGS9100 900W,100mm Small Angle Grinder (Yellow and Black)"
7123345,05/04/2020,Srinivas Enterprises,11236,"6,71,42,774",Power-7837,12820,16,205120,Completed,C-22345,"Stanley STGS9100 900W,100mm Small Angle Grinder (Yellow and Black)"
7123345,05/04/2020,Srinivas Enterprises,11236,"6,71,42,774",Power-7838,19395,24,465480,Completed,C-22345,"Stanley STGS9100 900W,100mm Small Angle Grinder (Yellow and Black)"
7123345,05/04/2020,Srinivas Enterprises,11236,"6,71,42,774",Power-7839,11653,27,314631,Completed,C-22345,"Stanley STGS9100 900W,100mm Small Angle Grinder (Yellow and Black)"
7123345,05/04/2020,Srinivas Enterprises,11236,"6,71,42,774",Power-7840,11101,23,255323,Completed,C-22345,"Stanley STGS9100 900W,100mm Small Angle Grinder (Yellow and Black)"
7123345,05/04/2020,Srinivas Enterprises,11236,"6,71,42,774",Power-7841,14380,15,215700,Completed,C-22345,"Stanley STGS9100 900W,100mm Small Angle Grinder (Yellow and Black)"
7123345,05/04/2020,Srinivas Enterprises,11236,"6,71,42,774",Power-7842,10116,5,50580,Completed,C-22345,"Stanley STGS9100 900W,100mm Small Angle Grinder (Yellow and Black)"
7123345,05/04/2020,Srinivas Enterprises,11236,"6,71,42,774",Power-7843,13633,2,27266,Completed,C-22345,"Stanley STGS9100 900W,100mm Small Angle Grinder (Yellow and Black)"
7123345,05/04/2020,Srinivas Enterprises,11236,"6,71,42,774",Power-7844,16538,4,66152,Completed,C-22345,"Stanley STGS9100 900W,100mm Small Angle Grinder (Yellow and Black)"
7123345,05/04/2020,Srinivas Enterprises,11236,"6,71,42,774",Power-7845,8998,22,197956,Completed,C-22345,"Stanley STGS9100 900W,100mm Small Angle Grinder (Yellow and Black)"
7123345,05/04/2020,Srinivas Enterprises,11236,"6,71,42,774",Power-7846,14817,22,325974,Completed,C-22345,"Stanley STGS9100 900W,100mm Small Angle Grinder (Yellow and Black)"
7123345,05/04/2020,Srinivas Enterprises,11236,"6,71,42,774",Power-7847,13055,26,339430,Completed,C-22345,"Stanley STGS9100 900W,100mm Small Angle Grinder (Yellow and Black)"
7123345,05/04/2020,Srinivas Enterprises,11236,"6,71,42,774",Power-7848,7540,17,128180,Completed,C-22345,"Stanley STGS9100 900W,100mm Small Angle Grinder (Yellow and Black)"
7123345,05/04/2020,Srinivas Enterprises,11236,"6,71,42,774",Power-7849,19937,27,538299,Completed,C-22345,"Stanley STGS9100 900W,100mm Small Angle Grinder (Yellow and Black)"
7123345,05/04/2020,Srinivas Enterprises,11236,"6,71,42,774",Power-7850,19693,28,551404,Completed,C-22345,"Stanley STGS9100 900W,100mm Small Angle Grinder (Yellow and Black)"
7123345,05/04/2020,Srinivas Enterprises,11236,"6,71,42,774",Power-7851,16195,23,372485,Completed,C-22345,"Stanley STGS9100 900W,100mm Small Angle Grinder (Yellow and Black)"
7123345,05/04/2020,Srinivas Enterprises,11236,"6,71,42,774",Power-7852,9603,5,48015,Completed,C-22345,"Stanley STGS9100 900W,100mm Small Angle Grinder (Yellow and Black)"
7123345,05/04/2020,Srinivas Enterprises,11236,"6,71,42,774",Power-7853,7456,4,29824,Completed,C-22345,"Stanley STGS9100 900W,100mm Small Angle Grinder (Yellow and Black)"
7123345,05/04/2020,Srinivas Enterprises,11236,"6,71,42,774",Power-7854,17241,5,86205,Completed,C-22345,"Stanley STGS9100 900W,100mm Small Angle Grinder (Yellow and Black)"
7123345,05/04/2020,Srinivas Enterprises,11236,"6,71,42,774",Power-7855,9027,21,189567,Completed,C-22345,"Stanley STGS9100 900W,100mm Small Angle Grinder (Yellow and Black)"
7123345,05/04/2020,Srinivas Enterprises,11236,"6,71,42,774",Power-7856,7229,24,173496,Completed,C-22345,"Stanley STGS9100 900W,100mm Small Angle Grinder (Yellow and Black)"
7123345,05/04/2020,Srinivas Enterprises,11236,"6,71,42,774",Power-7857,13057,7,91399,Completed,C-22345,"Stanley STGS9100 900W,100mm Small Angle Grinder (Yellow and Black)"
7123345,05/04/2020,Srinivas Enterprises,11236,"6,71,42,774",Power-7858,9251,10,92510,Completed,C-22345,"Stanley STGS9100 900W,100mm Small Angle Grinder (Yellow and Black)"
7123345,05/04/2020,Srinivas Enterprises,11236,"6,71,42,774",Power-7859,12468,13,162084,Completed,C-22345,"Stanley STGS9100 900W,100mm Small Angle Grinder (Yellow and Black)"
7123345,05/04/2020,Srinivas Enterprises,11236,"6,71,42,774",Power-7860,5216,8,41728,Completed,C-22345,"Stanley STGS9100 900W,100mm Small Angle Grinder (Yellow and Black)"
7123345,05/04/2020,Srinivas Enterprises,11236,"6,71,42,774",Power-7861,11095,28,310660,Completed,C-22345,"Stanley STGS9100 900W,100mm Small Angle Grinder (Yellow and Black)"
7123345,05/04/2020,Srinivas Enterprises,11236,"6,71,42,774",Power-7862,9082,10,90820,Completed,C-22345,"Stanley STGS9100 900W,100mm Small Angle Grinder (Yellow and Black)"
7123345,05/04/2020,Srinivas Enterprises,11236,"6,71,42,774",Power-7863,9781,3,29343,Completed,C-22345,"Stanley STGS9100 900W,100mm Small Angle Grinder (Yellow and Black)"
7123345,05/04/2020,Srinivas Enterprises,11236,"6,71,42,774",Power-7864,16109,8,128872,Completed,C-22345,"Stanley STGS9100 900W,100mm Small Angle Grinder (Yellow and Black)"
7123345,05/04/2020,Srinivas Enterprises,11236,"6,71,42,774",Power-7865,10468,11,115148,Completed,C-22345,"Stanley STGS9100 900W,100mm Small Angle Grinder (Yellow and Black)"
7123345,05/04/2020,Srinivas Enterprises,11236,"6,71,42,774",Power-7866,18900,26,491400,Completed,C-22345,"Stanley STGS9100 900W,100mm Small Angle Grinder (Yellow and Black)"
7123345,05/04/2020,Srinivas Enterprises,11236,"6,71,42,774",Power-7867,6952,27,187704,Completed,C-22345,"Stanley STGS9100 900W,100mm Small Angle Grinder (Yellow and Black)"
7123345,05/04/2020,Srinivas Enterprises,11236,"6,71,42,774",Power-7868,11598,27,313146,Completed,C-22345,"Stanley STGS9100 900W,100mm Small Angle Grinder (Yellow and Black)"
7123345,05/04/2020,Srinivas Enterprises,11236,"6,71,42,774",Power-7869,14844,20,296880,Completed,C-22345,"Stanley STGS9100 900W,100mm Small Angle Grinder (Yellow and Black)"
7123345,05/04/2020,Srinivas Enterprises,11236,"6,71,42,774",Power-7870,8835,2,17670,Completed,C-22345,"Stanley STGS9100 900W,100mm Small Angle Grinder (Yellow and Black)"
7123345,05/04/2020,Srinivas Enterprises,11236,"6,71,42,774",Power-7871,16557,6,99342,Completed,C-22345,"Stanley STGS9100 900W,100mm Small Angle Grinder (Yellow and Black)"
7123345,05/04/2020,Srinivas Enterprises,11236,"6,71,42,774",Power-7872,19149,26,497874,Completed,C-22345,"Stanley STGS9100 900W,100mm Small Angle Grinder (Yellow and Black)"
7123345,05/04/2020,Srinivas Enterprises,11236,"6,71,42,774",Power-7873,17524,22,385528,Completed,C-22345,"Stanley STGS9100 900W,100mm Small Angle Grinder (Yellow and Black)"
7123345,05/04/2020,Srinivas Enterprises,11236,"6,71,42,774",Power-7874,5703,30,171090,Completed,C-22345,"Stanley STGS9100 900W,100mm Small Angle Grinder (Yellow and Black)"
7123345,05/04/2020,Srinivas Enterprises,11236,"6,71,42,774",Power-7875,16145,3,48435,Completed,C-22345,"Stanley STGS9100 900W,100mm Small Angle Grinder (Yellow and Black)"
7123345,05/04/2020,Srinivas Enterprises,11236,"6,71,42,774",Power-7876,7267,23,167141,Completed,C-22345,"Stanley STGS9100 900W,100mm Small Angle Grinder (Yellow and Black)"
7123345,05/04/2020,Srinivas Enterprises,11236,"6,71,42,774",Power-7877,17629,27,475983,Completed,C-22345,"Stanley STGS9100 900W,100mm Small Angle Grinder (Yellow and Black)"
7123345,05/04/2020,Srinivas Enterprises,11236,"6,71,42,774",Power-7878,14435,2,28870,Completed,C-22345,"Stanley STGS9100 900W,100mm Small Angle Grinder (Yellow and Black)"
7123345,05/04/2020,Srinivas Enterprises,11236,"6,71,42,774",Power-7879,15125,24,363000,Completed,C-22345,"Stanley STGS9100 900W,100mm Small Angle Grinder (Yellow and Black)"
7123345,05/04/2020,Srinivas Enterprises,11236,"6,71,42,774",Power-7880,18149,5,90745,Completed,C-22345,"Stanley STGS9100 900W,100mm Small Angle Grinder (Yellow and Black)"
7123345,05/04/2020,Srinivas Enterprises,11236,"6,71,42,774",Power-7881,14344,1,14344,Completed,C-22345,"Stanley STGS9100 900W,100mm Small Angle Grinder (Yellow and Black)"
7123345,05/04/2020,Srinivas Enterprises,11236,"6,71,42,774",Power-7882,12950,8,103600,Completed,C-22345,"Stanley STGS9100 900W,100mm Small Angle Grinder (Yellow and Black)"
7123345,05/04/2020,Srinivas Enterprises,11236,"6,71,42,774",Power-7883,9326,29,270454,Completed,C-22345,"Stanley STGS9100 900W,100mm Small Angle Grinder (Yellow and Black)"
7123345,05/04/2020,Srinivas Enterprises,11236,"6,71,42,774",Power-7884,11844,6,71064,Completed,C-22345,"Stanley STGS9100 900W,100mm Small Angle Grinder (Yellow and Black)"
7123345,05/04/2020,Srinivas Enterprises,11236,"6,71,42,774",Power-7885,6326,25,158150,Completed,C-22345,"Stanley STGS9100 900W,100mm Small Angle Grinder (Yellow and Black)"
7123345,05/04/2020,Srinivas Enterprises,11236,"6,71,42,774",Power-7886,12774,30,383220,Completed,C-22345,"Stanley STGS9100 900W,100mm Small Angle Grinder (Yellow and Black)"
7123345,05/04/2020,Srinivas Enterprises,11236,"6,71,42,774",Power-7887,5151,17,87567,Completed,C-22345,"Stanley STGS9100 900W,100mm Small Angle Grinder (Yellow and Black)"
7123345,05/04/2020,Srinivas Enterprises,11236,"6,71,42,774",Power-7888,11064,1,11064,Completed,C-22345,"Stanley STGS9100 900W,100mm Small Angle Grinder (Yellow and Black)"
7123345,05/04/2020,Srinivas Enterprises,11236,"6,71,42,774",Power-7889,19398,1,19398,Completed,C-22345,"Stanley STGS9100 900W,100mm Small Angle Grinder (Yellow and Black)"
7123345,05/04/2020,Srinivas Enterprises,11236,"6,71,42,774",Power-7890,19401,3,58203,Completed,C-22345,"Stanley STGS9100 900W,100mm Small Angle Grinder (Yellow and Black)"
7123345,05/04/2020,Srinivas Enterprises,11236,"6,71,42,774",Power-7891,5804,14,81256,Completed,C-22345,"Stanley STGS9100 900W,100mm Small Angle Grinder (Yellow and Black)"
7123345,05/04/2020,Srinivas Enterprises,11236,"6,71,42,774",Power-7892,13597,13,176761,Completed,C-22345,"Stanley STGS9100 900W,100mm Small Angle Grinder (Yellow and Black)"
7123345,05/04/2020,Srinivas Enterprises,11236,"6,71,42,774",Power-7893,17794,7,124558,Completed,C-22345,"Stanley STGS9100 900W,100mm Small Angle Grinder (Yellow and Black)"
7123345,05/04/2020,Srinivas Enterprises,11236,"6,71,42,774",Power-7894,10501,28,294028,Completed,C-22345,"Stanley STGS9100 900W,100mm Small Angle Grinder (Yellow and Black)"
7123345,05/04/2020,Srinivas Enterprises,11236,"6,71,42,774",Power-7895,8984,10,89840,Completed,C-22345,"Stanley STGS9100 900W,100mm Small Angle Grinder (Yellow and Black)"
7123345,05/04/2020,Srinivas Enterprises,11236,"6,71,42,774",Power-7896,11443,19,217417,Completed,C-22345,"Stanley STGS9100 900W,100mm Small Angle Grinder (Yellow and Black)"
7123345,05/04/2020,Srinivas Enterprises,11236,"6,71,42,774",Power-7897,7357,12,88284,Completed,C-22345,"Stanley STGS9100 900W,100mm Small Angle Grinder (Yellow and Black)"
7123345,05/04/2020,Srinivas Enterprises,11236,"6,71,42,774",Power-7898,13185,12,158220,Completed,C-22345,"Stanley STGS9100 900W,100mm Small Angle Grinder (Yellow and Black)"
7123345,05/04/2020,Srinivas Enterprises,11236,"6,71,42,774",Power-7899,19813,30,594390,Completed,C-22345,"Stanley STGS9100 900W,100mm Small Angle Grinder (Yellow and Black)"
7123345,05/04/2020,Srinivas Enterprises,11236,"6,71,42,774",Power-7900,19057,10,190570,Completed,C-22345,"Stanley STGS9100 900W,100mm Small Angle Grinder (Yellow and Black)"
7123345,05/04/2020,Srinivas Enterprises,11236,"6,71,42,774",Power-7901,6934,12,83208,Completed,C-22345,"Stanley STGS9100 900W,100mm Small Angle Grinder (Yellow and Black)"
7123345,05/04/2020,Srinivas Enterprises,11236,"6,71,42,774",Power-7902,6757,30,202710,Completed,C-22345,"Stanley STGS9100 900W,100mm Small Angle Grinder (Yellow and Black)"
7123345,05/04/2020,Srinivas Enterprises,11236,"6,71,42,774",Power-7903,9549,24,229176,Completed,C-22345,"Stanley STGS9100 900W,100mm Small Angle Grinder (Yellow and Black)"
7123345,05/04/2020,Srinivas Enterprises,11236,"6,71,42,774",Power-7904,10492,2,20984,Completed,C-22345,"Stanley STGS9100 900W,100mm Small Angle Grinder (Yellow and Black)"
7123345,05/04/2020,Srinivas Enterprises,11236,"6,71,42,774",Power-7905,13815,22,303930,Completed,C-22345,"Stanley STGS9100 900W,100mm Small Angle Grinder (Yellow and Black)"
7123345,05/04/2020,Srinivas Enterprises,11236,"6,71,42,774",Power-7906,10719,2,21438,Completed,C-22345,"Stanley STGS9100 900W,100mm Small Angle Grinder (Yellow and Black)"
7123345,05/04/2020,Srinivas Enterprises,11236,"6,71,42,774",Power-7907,17409,1,17409,Completed,C-22345,"Stanley STGS9100 900W,100mm Small Angle Grinder (Yellow and Black)"
7123345,05/04/2020,Srinivas Enterprises,11236,"6,71,42,774",Power-7908,17534,1,17534,Completed,C-22345,"Stanley STGS9100 900W,100mm Small Angle Grinder (Yellow and Black)"
7123345,05/04/2020,Srinivas Enterprises,11236,"6,71,42,774",Power-7909,10436,2,20872,Completed,C-22345,"Stanley STGS9100 900W,100mm Small Angle Grinder (Yellow and Black)"
7123345,05/04/2020,Srinivas Enterprises,11236,"6,71,42,774",Power-7910,15385,16,246160,Completed,C-22345,"Stanley STGS9100 900W,100mm Small Angle Grinder (Yellow and Black)"
7123345,05/04/2020,Srinivas Enterprises,11236,"6,71,42,774",Power-7911,9754,18,175572,Completed,C-22345,"Stanley STGS9100 900W,100mm Small Angle Grinder (Yellow and Black)"
7123345,05/04/2020,Srinivas Enterprises,11236,"6,71,42,774",Power-7912,6756,10,67560,Completed,C-22345,"Stanley STGS9100 900W,100mm Small Angle Grinder (Yellow and Black)"
7123345,05/04/2020,Srinivas Enterprises,11236,"6,71,42,774",Power-7913,18397,18,331146,Completed,C-22345,"Stanley STGS9100 900W,100mm Small Angle Grinder (Yellow and Black)"
7123345,05/04/2020,Srinivas Enterprises,11236,"6,71,42,774",Power-7914,16677,15,250155,Completed,C-22345,"Stanley STGS9100 900W,100mm Small Angle Grinder (Yellow and Black)"
7123345,05/04/2020,Srinivas Enterprises,11236,"6,71,42,774",Power-7915,18787,9,169083,Completed,C-22345,"Stanley STGS9100 900W,100mm Small Angle Grinder (Yellow and Black)"
7123345,05/04/2020,Srinivas Enterprises,11236,"6,71,42,774",Power-7916,16085,4,64340,Completed,C-22345,"Stanley STGS9100 900W,100mm Small Angle Grinder (Yellow and Black)"
7123345,05/04/2020,Srinivas Enterprises,11236,"6,71,42,774",Power-7917,19350,9,174150,Completed,C-22345,"Stanley STGS9100 900W,100mm Small Angle Grinder (Yellow and Black)"
7123345,05/04/2020,Srinivas Enterprises,11236,"6,71,42,774",Power-7918,12159,3,36477,Completed,C-22345,"Stanley STGS9100 900W,100mm Small Angle Grinder (Yellow and Black)"
7123345,05/04/2020,Srinivas Enterprises,11236,"6,71,42,774",Power-7919,16055,3,48165,Completed,C-22345,"Stanley STGS9100 900W,100mm Small Angle Grinder (Yellow and Black)"
7123345,05/04/2020,Srinivas Enterprises,11236,"6,71,42,774",Power-7920,18834,30,565020,Completed,C-22345,"Stanley STGS9100 900W,100mm Small Angle Grinder (Yellow and Black)"
7123345,05/04/2020,Srinivas Enterprises,11236,"6,71,42,774",Power-7921,12524,30,375720,Completed,C-22345,"Stanley STGS9100 900W,100mm Small Angle Grinder (Yellow and Black)"
7123345,05/04/2020,Srinivas Enterprises,11236,"6,71,42,774",Power-7922,13934,5,69670,Completed,C-22345,"Stanley STGS9100 900W,100mm Small Angle Grinder (Yellow and Black)"
7123345,05/04/2020,Srinivas Enterprises,11236,"6,71,42,774",Power-7923,9879,3,29637,Completed,C-22345,"Stanley STGS9100 900W,100mm Small Angle Grinder (Yellow and Black)"
7123345,05/04/2020,Srinivas Enterprises,11236,"6,71,42,774",Power-7924,5125,17,87125,Completed,C-22345,"Stanley STGS9100 900W,100mm Small Angle Grinder (Yellow and Black)"
7123345,05/04/2020,Srinivas Enterprises,11236,"6,71,42,774",Power-7925,15938,30,478140,Completed,C-22345,"Stanley STGS9100 900W,100mm Small Angle Grinder (Yellow and Black)"
7123345,05/04/2020,Srinivas Enterprises,11236,"6,71,42,774",Power-7926,7983,16,127728,Completed,C-22345,"Stanley STGS9100 900W,100mm Small Angle Grinder (Yellow and Black)"
7123345,05/04/2020,Srinivas Enterprises,11236,"6,71,42,774",Power-7927,12808,15,192120,Completed,C-22345,"Stanley STGS9100 900W,100mm Small Angle Grinder (Yellow and Black)"
7123345,05/04/2020,Srinivas Enterprises,11236,"6,71,42,774",Power-7928,7152,25,178800,Completed,C-22345,"Stanley STGS9100 900W,100mm Small Angle Grinder (Yellow and Black)"
7123345,05/04/2020,Srinivas Enterprises,11236,"6,71,42,774",Power-7929,16764,6,100584,Completed,C-22345,"Stanley STGS9100 900W,100mm Small Angle Grinder (Yellow and Black)"
7123345,05/04/2020,Srinivas Enterprises,11236,"6,71,42,774",Power-7930,19958,8,159664,Completed,C-22345,"Stanley STGS9100 900W,100mm Small Angle Grinder (Yellow and Black)"
7123345,05/04/2020,Srinivas Enterprises,11236,"6,71,42,774",Power-7931,12958,6,77748,Completed,C-22345,"Stanley STGS9100 900W,100mm Small Angle Grinder (Yellow and Black)"
7123345,05/04/2020,Srinivas Enterprises,11236,"6,71,42,774",Power-7932,13401,27,361827,Completed,C-22345,"Stanley STGS9100 900W,100mm Small Angle Grinder (Yellow and Black)"
7123345,05/04/2020,Srinivas Enterprises,11236,"6,71,42,774",Power-7933,5622,19,106818,Completed,C-22345,"Stanley STGS9100 900W,100mm Small Angle Grinder (Yellow and Black)"
7123345,05/04/2020,Srinivas Enterprises,11236,"6,71,42,774",Power-7934,16653,19,316407,Completed,C-22345,"Stanley STGS9100 900W,100mm Small Angle Grinder (Yellow and Black)"
7123345,05/04/2020,Srinivas Enterprises,11236,"6,71,42,774",Power-7935,9920,9,89280,Completed,C-22345,"Stanley STGS9100 900W,100mm Small Angle Grinder (Yellow and Black)"
7123345,05/04/2020,Srinivas Enterprises,11236,"6,71,42,774",Power-7936,8878,14,124292,Completed,C-22345,"Stanley STGS9100 900W,100mm Small Angle Grinder (Yellow and Black)"
7123345,05/04/2020,Srinivas Enterprises,11236,"6,71,42,774",Power-7937,8705,20,174100,Completed,C-22345,"Stanley STGS9100 900W,100mm Small Angle Grinder (Yellow and Black)"
7123345,05/04/2020,Srinivas Enterprises,11236,"6,71,42,774",Power-7938,6110,19,116090,Completed,C-22345,"Stanley STGS9100 900W,100mm Small Angle Grinder (Yellow and Black)"
7123345,05/04/2020,Srinivas Enterprises,11236,"6,71,42,774",Power-7939,17708,22,389576,Completed,C-22345,"Stanley STGS9100 900W,100mm Small Angle Grinder (Yellow and Black)"
7123345,05/04/2020,Srinivas Enterprises,11236,"6,71,42,774",Power-7940,5856,28,163968,Completed,C-22345,"Stanley STGS9100 900W,100mm Small Angle Grinder (Yellow and Black)"
7123345,05/04/2020,Srinivas Enterprises,11236,"6,71,42,774",Power-7941,14255,7,99785,Completed,C-22345,"Stanley STGS9100 900W,100mm Small Angle Grinder (Yellow and Black)"
7123345,05/04/2020,Srinivas Enterprises,11236,"6,71,42,774",Power-7942,19630,25,490750,Completed,C-22345,"Stanley STGS9100 900W,100mm Small Angle Grinder (Yellow and Black)"
7123345,05/04/2020,Srinivas Enterprises,11236,"6,71,42,774",Power-7943,19996,17,339932,Completed,C-22345,"Stanley STGS9100 900W,100mm Small Angle Grinder (Yellow and Black)"
7123345,05/04/2020,Srinivas Enterprises,11236,"6,71,42,774",Power-7944,16934,5,84670,Completed,C-22345,"Stanley STGS9100 900W,100mm Small Angle Grinder (Yellow and Black)"
7123345,05/04/2020,Srinivas Enterprises,11236,"6,71,42,774",Power-7945,16597,12,199164,Completed,C-22345,"Stanley STGS9100 900W,100mm Small Angle Grinder (Yellow and Black)"
7123345,05/04/2020,Srinivas Enterprises,11236,"6,71,42,774",Power-7946,11241,12,134892,Completed,C-22345,"Stanley STGS9100 900W,100mm Small Angle Grinder (Yellow and Black)"
7123345,05/04/2020,Srinivas Enterprises,11236,"6,71,42,774",Power-7947,19183,27,517941,Completed,C-22345,"Stanley STGS9100 900W,100mm Small Angle Grinder (Yellow and Black)"
7123345,05/04/2020,Srinivas Enterprises,11236,"6,71,42,774",Power-7948,19440,9,174960,Completed,C-22345,"Stanley STGS9100 900W,100mm Small Angle Grinder (Yellow and Black)"
7123345,05/04/2020,Srinivas Enterprises,11236,"6,71,42,774",Power-7949,15342,13,199446,Completed,C-22345,"Stanley STGS9100 900W,100mm Small Angle Grinder (Yellow and Black)"
7123345,05/04/2020,Srinivas Enterprises,11236,"6,71,42,774",Power-7950,9554,4,38216,Completed,C-22345,"Stanley STGS9100 900W,100mm Small Angle Grinder (Yellow and Black)"
7123345,05/04/2020,Srinivas Enterprises,11236,"6,71,42,774",Power-7951,13045,29,378305,Completed,C-22345,"Stanley STGS9100 900W,100mm Small Angle Grinder (Yellow and Black)"
7123345,05/04/2020,Srinivas Enterprises,11236,"6,71,42,774",Power-7952,12178,19,231382,Completed,C-22345,"Stanley STGS9100 900W,100mm Small Angle Grinder (Yellow and Black)"
7123345,05/04/2020,Srinivas Enterprises,11236,"6,71,42,774",Power-7953,6215,26,161590,Completed,C-22345,"Stanley STGS9100 900W,100mm Small Angle Grinder (Yellow and Black)"
7123345,05/04/2020,Srinivas Enterprises,11236,"6,71,42,774",Power-7954,7643,6,45858,Completed,C-22345,"Stanley STGS9100 900W,100mm Small Angle Grinder (Yellow and Black)"
7123345,05/04/2020,Srinivas Enterprises,11236,"6,71,42,774",Power-7955,10878,11,119658,Completed,C-22345,"Stanley STGS9100 900W,100mm Small Angle Grinder (Yellow and Black)"
7123345,05/04/2020,Srinivas Enterprises,11236,"6,71,42,774",Power-7956,5265,22,115830,Completed,C-22345,"Stanley STGS9100 900W,100mm Small Angle Grinder (Yellow and Black)"
7123345,05/04/2020,Srinivas Enterprises,11236,"6,71,42,774",Power-7957,6656,18,119808,Completed,C-22345,"Stanley STGS9100 900W,100mm Small Angle Grinder (Yellow and Black)"
7123345,05/04/2020,Srinivas Enterprises,11236,"6,71,42,774",Power-7958,5608,29,162632,Completed,C-22345,"Stanley STGS9100 900W,100mm Small Angle Grinder (Yellow and Black)"
7123345,05/04/2020,Srinivas Enterprises,11236,"6,71,42,774",Power-7959,12809,20,256180,Completed,C-22345,"Stanley STGS9100 900W,100mm Small Angle Grinder (Yellow and Black)"
7123345,05/04/2020,Srinivas Enterprises,11236,"6,71,42,774",Power-7960,14908,30,447240,Completed,C-22345,"Stanley STGS9100 900W,100mm Small Angle Grinder (Yellow and Black)"
7123345,05/04/2020,Srinivas Enterprises,11236,"6,71,42,774",Power-7961,11838,7,82866,Completed,C-22345,"Stanley STGS9100 900W,100mm Small Angle Grinder (Yellow and Black)"
7123345,05/04/2020,Srinivas Enterprises,11236,"6,71,42,774",Power-7962,10512,19,199728,Completed,C-22345,"Stanley STGS9100 900W,100mm Small Angle Grinder (Yellow and Black)"
7123345,05/04/2020,Srinivas Enterprises,11236,"6,71,42,774",Power-7963,13981,25,349525,Completed,C-22345,"Stanley STGS9100 900W,100mm Small Angle Grinder (Yellow and Black)"
7123345,05/04/2020,Srinivas Enterprises,11236,"6,71,42,774",Power-7964,12283,17,208811,Completed,C-22345,"Stanley STGS9100 900W,100mm Small Angle Grinder (Yellow and Black)"
7123345,05/04/2020,Srinivas Enterprises,11236,"6,71,42,774",Power-7965,14877,21,312417,Completed,C-22345,"Stanley STGS9100 900W,100mm Small Angle Grinder (Yellow and Black)"
7123345,05/04/2020,Srinivas Enterprises,11236,"6,71,42,774",Power-7966,17848,17,303416,Completed,C-22345,"Stanley STGS9100 900W,100mm Small Angle Grinder (Yellow and Black)"
7123345,05/04/2020,Srinivas Enterprises,11236,"6,71,42,774",Power-7967,6570,11,72270,Completed,C-22345,"Stanley STGS9100 900W,100mm Small Angle Grinder (Yellow and Black)"
7123345,05/04/2020,Srinivas Enterprises,11236,"6,71,42,774",Power-7968,15047,27,406269,Completed,C-22345,"Stanley STGS9100 900W,100mm Small Angle Grinder (Yellow and Black)"
7123345,05/04/2020,Srinivas Enterprises,11236,"6,71,42,774",Power-7969,18540,10,185400,Completed,C-22345,"Stanley STGS9100 900W,100mm Small Angle Grinder (Yellow and Black)"
7123345,05/04/2020,Srinivas Enterprises,11236,"6,71,42,774",Power-7970,14944,30,448320,Completed,C-22345,"Stanley STGS9100 900W,100mm Small Angle Grinder (Yellow and Black)"
7123345,05/04/2020,Srinivas Enterprises,11236,"6,71,42,774",Power-7971,15954,27,430758,Completed,C-22345,"Stanley STGS9100 900W,100mm Small Angle Grinder (Yellow and Black)"
7123345,05/04/2020,Srinivas Enterprises,11236,"6,71,42,774",Power-7972,14274,27,385398,Completed,C-22345,"Stanley STGS9100 900W,100mm Small Angle Grinder (Yellow and Black)"
7123345,05/04/2020,Srinivas Enterprises,11236,"6,71,42,774",Power-7973,7319,11,80509,Completed,C-22345,"Stanley STGS9100 900W,100mm Small Angle Grinder (Yellow and Black)"
7123345,05/04/2020,Srinivas Enterprises,11236,"6,71,42,774",Power-7974,12737,3,38211,Completed,C-22345,"Stanley STGS9100 900W,100mm Small Angle Grinder (Yellow and Black)"
7123345,05/04/2020,Srinivas Enterprises,11236,"6,71,42,774",Power-7975,8164,30,244920,Completed,C-22345,"Stanley STGS9100 900W,100mm Small Angle Grinder (Yellow and Black)"
7123345,05/04/2020,Srinivas Enterprises,11236,"6,71,42,774",Power-7976,14523,14,203322,Completed,C-22345,"Stanley STGS9100 900W,100mm Small Angle Grinder (Yellow and Black)"
7123345,05/04/2020,Srinivas Enterprises,11236,"6,71,42,774",Power-7977,11781,20,235620,Completed,C-22345,"Stanley STGS9100 900W,100mm Small Angle Grinder (Yellow and Black)"
7123345,05/04/2020,Srinivas Enterprises,11236,"6,71,42,774",Power-7978,17870,23,411010,Completed,C-22345,"Stanley STGS9100 900W,100mm Small Angle Grinder (Yellow and Black)"
7123345,05/04/2020,Srinivas Enterprises,11236,"6,71,42,774",Power-7979,11037,17,187629,Completed,C-22345,"Stanley STGS9100 900W,100mm Small Angle Grinder (Yellow and Black)"
7123345,05/04/2020,Srinivas Enterprises,11236,"6,71,42,774",Power-7980,19795,11,217745,Completed,C-22345,"Stanley STGS9100 900W,100mm Small Angle Grinder (Yellow and Black)"
7123345,05/04/2020,Srinivas Enterprises,11236,"6,71,42,774",Power-7981,18384,21,386064,Completed,C-22345,"Stanley STGS9100 900W,100mm Small Angle Grinder (Yellow and Black)"
7123345,05/04/2020,Srinivas Enterprises,11236,"6,71,42,774",Power-7982,12883,8,103064,Completed,C-22345,"Stanley STGS9100 900W,100mm Small Angle Grinder (Yellow and Black)"
7123345,05/04/2020,Srinivas Enterprises,11236,"6,71,42,774",Power-7983,7917,25,197925,Completed,C-22345,"Stanley STGS9100 900W,100mm Small Angle Grinder (Yellow and Black)"
7123345,05/04/2020,Srinivas Enterprises,11236,"6,71,42,774",Power-7984,5602,2,11204,Completed,C-22345,"Stanley STGS9100 900W,100mm Small Angle Grinder (Yellow and Black)"
7123345,05/04/2020,Srinivas Enterprises,11236,"6,71,42,774",Power-7985,16938,10,169380,Completed,C-22345,"Stanley STGS9100 900W,100mm Small Angle Grinder (Yellow and Black)"
7123345,05/04/2020,Srinivas Enterprises,11236,"6,71,42,774",Power-7986,10015,13,130195,Completed,C-22345,"Stanley STGS9100 900W,100mm Small Angle Grinder (Yellow and Black)"
7123345,05/04/2020,Srinivas Enterprises,11236,"6,71,42,774",Power-7987,19912,8,159296,Completed,C-22345,"Stanley STGS9100 900W,100mm Small Angle Grinder (Yellow and Black)"
7123345,05/04/2020,Srinivas Enterprises,11236,"6,71,42,774",Power-7988,16191,11,178101,Completed,C-22345,"Stanley STGS9100 900W,100mm Small Angle Grinder (Yellow and Black)"
7123345,05/04/2020,Srinivas Enterprises,11236,"6,71,42,774",Power-7989,5824,20,116480,Completed,C-22345,"Stanley STGS9100 900W,100mm Small Angle Grinder (Yellow and Black)"
7123345,05/04/2020,Srinivas Enterprises,11236,"6,71,42,774",Power-7990,12538,21,263298,Completed,C-22345,"Stanley STGS9100 900W,100mm Small Angle Grinder (Yellow and Black)"
7123345,05/04/2020,Srinivas Enterprises,11236,"6,71,42,774",Power-7991,7524,1,7524,Completed,C-22345,"Stanley STGS9100 900W,100mm Small Angle Grinder (Yellow and Black)"
7123345,05/04/2020,Srinivas Enterprises,11236,"6,71,42,774",Power-7992,13200,6,79200,Completed,C-22345,"Stanley STGS9100 900W,100mm Small Angle Grinder (Yellow and Black)"
7123345,05/04/2020,Srinivas Enterprises,11236,"6,71,42,774",Power-7993,5726,3,17178,Completed,C-22345,"Stanley STGS9100 900W,100mm Small Angle Grinder (Yellow and Black)"
7123345,05/04/2020,Srinivas Enterprises,11236,"6,71,42,774",Power-7994,8770,30,263100,Completed,C-22345,"Stanley STGS9100 900W,100mm Small Angle Grinder (Yellow and Black)"
7123345,05/04/2020,Srinivas Enterprises,11236,"6,71,42,774",Power-7995,10906,7,76342,Completed,C-22345,"Stanley STGS9100 900W,100mm Small Angle Grinder (Yellow and Black)"
7123345,05/04/2020,Srinivas Enterprises,11236,"6,71,42,774",Power-7996,11649,25,291225,Completed,C-22345,"Stanley STGS9100 900W,100mm Small Angle Grinder (Yellow and Black)"
7123345,05/04/2020,Srinivas Enterprises,11236,"6,71,42,774",Power-7997,17840,14,249760,Completed,C-22345,"Stanley STGS9100 900W,100mm Small Angle Grinder (Yellow and Black)"
7123345,05/04/2020,Srinivas Enterprises,11236,"6,71,42,774",Power-7998,13327,3,39981,Completed,C-22345,"Stanley STGS9100 900W,100mm Small Angle Grinder (Yellow and Black)"
7123345,05/04/2020,Srinivas Enterprises,11236,"6,71,42,774",Power-7999,18562,14,259868,Completed,C-22345,"Stanley STGS9100 900W,100mm Small Angle Grinder (Yellow and Black)"
7123345,05/04/2020,Srinivas Enterprises,11236,"6,71,42,774",Power-8000,19755,23,454365,Completed,C-22345,"Stanley STGS9100 900W,100mm Small Angle Grinder (Yellow and Black)"
7123345,05/04/2020,Srinivas Enterprises,11236,"6,71,42,774",Power-8001,13961,9,125649,Completed,C-22345,"Stanley STGS9100 900W,100mm Small Angle Grinder (Yellow and Black)"
7123345,05/04/2020,Srinivas Enterprises,11236,"6,71,42,774",Power-8002,10675,14,149450,Completed,C-22345,"Stanley STGS9100 900W,100mm Small Angle Grinder (Yellow and Black)"
7123345,05/04/2020,Srinivas Enterprises,11236,"6,71,42,774",Power-8003,16312,18,293616,Completed,C-22345,"Stanley STGS9100 900W,100mm Small Angle Grinder (Yellow and Black)"
7123345,05/04/2020,Srinivas Enterprises,11236,"6,71,42,774",Power-8004,14699,24,352776,Completed,C-22345,"Stanley STGS9100 900W,100mm Small Angle Grinder (Yellow and Black)"
7123345,05/04/2020,Srinivas Enterprises,11236,"6,71,42,774",Power-8005,7433,12,89196,Completed,C-22345,"Stanley STGS9100 900W,100mm Small Angle Grinder (Yellow and Black)"
7123345,05/04/2020,Srinivas Enterprises,11236,"6,71,42,774",Power-8006,16753,20,335060,Completed,C-22345,"Stanley STGS9100 900W,100mm Small Angle Grinder (Yellow and Black)"
7123345,05/04/2020,Srinivas Enterprises,11236,"6,71,42,774",Power-8007,14869,28,416332,Completed,C-22345,"Stanley STGS9100 900W,100mm Small Angle Grinder (Yellow and Black)"
7123345,05/04/2020,Srinivas Enterprises,11236,"6,71,42,774",Power-8008,19291,20,385820,Completed,C-22345,"Stanley STGS9100 900W,100mm Small Angle Grinder (Yellow and Black)"
7123345,05/04/2020,Srinivas Enterprises,11236,"6,71,42,774",Power-8009,18865,21,396165,Completed,C-22345,"Stanley STGS9100 900W,100mm Small Angle Grinder (Yellow and Black)"
7123345,05/04/2020,Srinivas Enterprises,11236,"6,71,42,774",Power-8010,6709,22,147598,Completed,C-22345,"Stanley STGS9100 900W,100mm Small Angle Grinder (Yellow and Black)"
7123345,05/04/2020,Srinivas Enterprises,11236,"6,71,42,774",Power-8011,6426,30,192780,Completed,C-22345,"Stanley STGS9100 900W,100mm Small Angle Grinder (Yellow and Black)"
7123345,05/04/2020,Srinivas Enterprises,11236,"6,71,42,774",Power-8012,7459,7,52213,Completed,C-22345,"Stanley STGS9100 900W,100mm Small Angle Grinder (Yellow and Black)"
7123345,05/04/2020,Srinivas Enterprises,11236,"6,71,42,774",Power-8013,13043,6,78258,Completed,C-22345,"Stanley STGS9100 900W,100mm Small Angle Grinder (Yellow and Black)"
7123345,05/04/2020,Srinivas Enterprises,11236,"6,71,42,774",Power-8014,18347,23,421981,Completed,C-22345,"Stanley STGS9100 900W,100mm Small Angle Grinder (Yellow and Black)"
7123345,05/04/2020,Srinivas Enterprises,11236,"6,71,42,774",Power-8015,15373,23,353579,Completed,C-22345,"Stanley STGS9100 900W,100mm Small Angle Grinder (Yellow and Black)"
7123345,05/04/2020,Srinivas Enterprises,11236,"6,71,42,774",Power-8016,12707,24,304968,Completed,C-22345,"Stanley STGS9100 900W,100mm Small Angle Grinder (Yellow and Black)"
7123345,05/04/2020,Srinivas Enterprises,11236,"6,71,42,774",Power-8017,12298,4,49192,Completed,C-22345,"Stanley STGS9100 900W,100mm Small Angle Grinder (Yellow and Black)"
7123345,05/04/2020,Srinivas Enterprises,11236,"6,71,42,774",Power-8018,7618,18,137124,Completed,C-22345,"Stanley STGS9100 900W,100mm Small Angle Grinder (Yellow and Black)"
7123345,05/04/2020,Srinivas Enterprises,11236,"6,71,42,774",Power-8019,12721,19,241699,Completed,C-22345,"Stanley STGS9100 900W,100mm Small Angle Grinder (Yellow and Black)"
7123345,05/04/2020,Srinivas Enterprises,11236,"6,71,42,774",Power-8020,7628,23,175444,Completed,C-22345,"Stanley STGS9100 900W,100mm Small Angle Grinder (Yellow and Black)"
7123345,05/04/2020,Srinivas Enterprises,11236,"6,71,42,774",Power-8021,12165,10,121650,Completed,C-22345,"Stanley STGS9100 900W,100mm Small Angle Grinder (Yellow and Black)"
7123345,05/04/2020,Srinivas Enterprises,11236,"6,71,42,774",Power-8022,12925,18,232650,Completed,C-22345,"Stanley STGS9100 900W,100mm Small Angle Grinder (Yellow and Black)"
7123345,05/04/2020,Srinivas Enterprises,11236,"6,71,42,774",Power-8023,5804,29,168316,Completed,C-22345,"Stanley STGS9100 900W,100mm Small Angle Grinder (Yellow and Black)"
7123345,05/04/2020,Srinivas Enterprises,11236,"6,71,42,774",Power-8024,9511,16,152176,Completed,C-22345,"Stanley STGS9100 900W,100mm Small Angle Grinder (Yellow and Black)"
7123345,05/04/2020,Srinivas Enterprises,11236,"6,71,42,774",Power-8025,5709,5,28545,Completed,C-22345,"Stanley STGS9100 900W,100mm Small Angle Grinder (Yellow and Black)"
7123345,05/04/2020,Srinivas Enterprises,11236,"6,71,42,774",Power-8026,17290,6,103740,Completed,C-22345,"Stanley STGS9100 900W,100mm Small Angle Grinder (Yellow and Black)"
7123345,05/04/2020,Srinivas Enterprises,11236,"6,71,42,774",Power-8027,19938,24,478512,Completed,C-22345,"Stanley STGS9100 900W,100mm Small Angle Grinder (Yellow and Black)"
7123345,05/04/2020,Srinivas Enterprises,11236,"6,71,42,774",Power-8028,10833,4,43332,Completed,C-22345,"Stanley STGS9100 900W,100mm Small Angle Grinder (Yellow and Black)"
7123345,05/04/2020,Srinivas Enterprises,11236,"6,71,42,774",Power-8029,19935,11,219285,Completed,C-22345,"Stanley STGS9100 900W,100mm Small Angle Grinder (Yellow and Black)"
7123345,05/04/2020,Srinivas Enterprises,11236,"6,71,42,774",Power-8030,11870,4,47480,Completed,C-22345,"Stanley STGS9100 900W,100mm Small Angle Grinder (Yellow and Black)"
7123345,05/04/2020,Srinivas Enterprises,11236,"6,71,42,774",Power-8031,18968,17,322456,Completed,C-22345,"Stanley STGS9100 900W,100mm Small Angle Grinder (Yellow and Black)"
7123345,05/04/2020,Srinivas Enterprises,11236,"6,71,42,774",Power-8032,16743,4,66972,Completed,C-22345,"Stanley STGS9100 900W,100mm Small Angle Grinder (Yellow and Black)"
7123345,05/04/2020,Srinivas Enterprises,11236,"6,71,42,774",Power-8033,13255,9,119295,Completed,C-22345,"Stanley STGS9100 900W,100mm Small Angle Grinder (Yellow and Black)"
7123345,05/04/2020,Srinivas Enterprises,11236,"6,71,42,774",Power-8034,11276,4,45104,Completed,C-22345,"Stanley STGS9100 900W,100mm Small Angle Grinder (Yellow and Black)"
7123345,05/04/2020,Srinivas Enterprises,11236,"6,71,42,774",Power-8035,9370,15,140550,Completed,C-22345,"Stanley STGS9100 900W,100mm Small Angle Grinder (Yellow and Black)"
7123345,05/04/2020,Srinivas Enterprises,11236,"6,71,42,774",Power-8036,18638,8,149104,Completed,C-22345,"Stanley STGS9100 900W,100mm Small Angle Grinder (Yellow and Black)"
7123345,05/04/2020,Srinivas Enterprises,11236,"6,71,42,774",Power-8037,7474,18,134532,Completed,C-22345,"Stanley STGS9100 900W,100mm Small Angle Grinder (Yellow and Black)"
7123345,05/04/2020,Srinivas Enterprises,11236,"6,71,42,774",Power-8038,7992,28,223776,Completed,C-22345,"Stanley STGS9100 900W,100mm Small Angle Grinder (Yellow and Black)"
7123345,05/04/2020,Srinivas Enterprises,11236,"6,71,42,774",Power-8039,7058,1,7058,Completed,C-22345,"Stanley STGS9100 900W,100mm Small Angle Grinder (Yellow and Black)"
7123345,05/04/2020,Srinivas Enterprises,11236,"6,71,42,774",Power-8040,18168,9,163512,Completed,C-22345,"Stanley STGS9100 900W,100mm Small Angle Grinder (Yellow and Black)"
7123345,05/04/2020,Srinivas Enterprises,11236,"6,71,42,774",Power-8041,15448,7,108136,Completed,C-22345,"Stanley STGS9100 900W,100mm Small Angle Grinder (Yellow and Black)"
7123345,05/04/2020,Srinivas Enterprises,11236,"6,71,42,774",Power-8042,19820,27,535140,Completed,C-22345,"Stanley STGS9100 900W,100mm Small Angle Grinder (Yellow and Black)"
7123345,05/04/2020,Srinivas Enterprises,11236,"6,71,42,774",Power-8043,10444,23,240212,Completed,C-22345,"Stanley STGS9100 900W,100mm Small Angle Grinder (Yellow and Black)"
7123345,05/04/2020,Srinivas Enterprises,11236,"6,71,42,774",Power-8044,11549,18,207882,Completed,C-22345,"Stanley STGS9100 900W,100mm Small Angle Grinder (Yellow and Black)"
7123345,05/04/2020,Srinivas Enterprises,11236,"6,71,42,774",Power-8045,19413,12,232956,Completed,C-22345,"Stanley STGS9100 900W,100mm Small Angle Grinder (Yellow and Black)"
7123345,05/04/2020,Srinivas Enterprises,11236,"6,71,42,774",Power-8046,19745,23,454135,Completed,C-22345,"Stanley STGS9100 900W,100mm Small Angle Grinder (Yellow and Black)"
7123345,05/04/2020,Srinivas Enterprises,11236,"6,71,42,774",Power-8047,16855,9,151695,Completed,C-22345,"Stanley STGS9100 900W,100mm Small Angle Grinder (Yellow and Black)"
7123345,05/04/2020,Srinivas Enterprises,11236,"6,71,42,774",Power-8048,19344,1,19344,Completed,C-22345,"Stanley STGS9100 900W,100mm Small Angle Grinder (Yellow and Black)"
7123345,05/04/2020,Srinivas Enterprises,11236,"6,71,42,774",Power-8049,16861,27,455247,Completed,C-22345,"Stanley STGS9100 900W,100mm Small Angle Grinder (Yellow and Black)"
7123345,05/04/2020,Srinivas Enterprises,11236,"6,71,42,774",Power-8050,17197,29,498713,Completed,C-22345,"Stanley STGS9100 900W,100mm Small Angle Grinder (Yellow and Black)"
7123345,05/04/2020,Srinivas Enterprises,11236,"6,71,42,774",Power-8051,12829,3,38487,Completed,C-22345,"Stanley STGS9100 900W,100mm Small Angle Grinder (Yellow and Black)"
7123345,05/04/2020,Srinivas Enterprises,11236,"6,71,42,774",Power-8052,12605,21,264705,Completed,C-22345,"Stanley STGS9100 900W,100mm Small Angle Grinder (Yellow and Black)"
7123345,05/04/2020,Srinivas Enterprises,11236,"6,71,42,774",Power-8053,6897,9,62073,Completed,C-22345,"Stanley STGS9100 900W,100mm Small Angle Grinder (Yellow and Black)"
7123345,05/04/2020,Srinivas Enterprises,11236,"6,71,42,774",Power-8054,15044,13,195572,Completed,C-22345,"Stanley STGS9100 900W,100mm Small Angle Grinder (Yellow and Black)"
7123345,05/04/2020,Srinivas Enterprises,11236,"6,71,42,774",Power-8055,9640,29,279560,Completed,C-22345,"Stanley STGS9100 900W,100mm Small Angle Grinder (Yellow and Black)"
7123345,05/04/2020,Srinivas Enterprises,11236,"6,71,42,774",Power-8056,19342,2,38684,Completed,C-22345,"Stanley STGS9100 900W,100mm Small Angle Grinder (Yellow and Black)"
7123345,05/04/2020,Srinivas Enterprises,11236,"6,71,42,774",Power-8057,16372,26,425672,Completed,C-22345,"Stanley STGS9100 900W,100mm Small Angle Grinder (Yellow and Black)"
7123345,05/04/2020,Srinivas Enterprises,11236,"6,71,42,774",Power-8058,7361,3,22083,Completed,C-22345,"Stanley STGS9100 900W,100mm Small Angle Grinder (Yellow and Black)"
7123345,05/04/2020,Srinivas Enterprises,11236,"6,71,42,774",Power-8059,16254,16,260064,Completed,C-22345,"Stanley STGS9100 900W,100mm Small Angle Grinder (Yellow and Black)"
7123345,05/04/2020,Srinivas Enterprises,11236,"6,71,42,774",Power-8060,15414,29,447006,Completed,C-22345,"Stanley STGS9100 900W,100mm Small Angle Grinder (Yellow and Black)"
7123345,05/04/2020,Srinivas Enterprises,11236,"6,71,42,774",Power-8061,8848,28,247744,Completed,C-22345,"Stanley STGS9100 900W,100mm Small Angle Grinder (Yellow and Black)"
7123345,05/04/2020,Srinivas Enterprises,11236,"6,71,42,774",Power-8062,9779,3,29337,Completed,C-22345,"Stanley STGS9100 900W,100mm Small Angle Grinder (Yellow and Black)"
7123345,05/04/2020,Srinivas Enterprises,11236,"6,71,42,774",Power-8063,15940,1,15940,Completed,C-22345,"Stanley STGS9100 900W,100mm Small Angle Grinder (Yellow and Black)"
7123345,05/04/2020,Srinivas Enterprises,11236,"6,71,42,774",Power-8064,7193,11,79123,Completed,C-22345,"Stanley STGS9100 900W,100mm Small Angle Grinder (Yellow and Black)"
7123345,05/04/2020,Srinivas Enterprises,11236,"6,71,42,774",Power-8065,9012,18,162216,Completed,C-22345,"Stanley STGS9100 900W,100mm Small Angle Grinder (Yellow and Black)"
7123345,05/04/2020,Srinivas Enterprises,11236,"6,71,42,774",Power-8066,9870,1,9870,Completed,C-22345,"Stanley STGS9100 900W,100mm Small Angle Grinder (Yellow and Black)"
7123345,05/04/2020,Srinivas Enterprises,11236,"6,71,42,774",Power-8067,18621,12,223452,Completed,C-22345,"Stanley STGS9100 900W,100mm Small Angle Grinder (Yellow and Black)"
7123345,05/04/2020,Srinivas Enterprises,11236,"6,71,42,774",Power-8068,5852,16,93632,Completed,C-22345,"Stanley STGS9100 900W,100mm Small Angle Grinder (Yellow and Black)"
7123345,05/04/2020,Srinivas Enterprises,11236,"6,71,42,774",Power-8069,17785,30,533550,Completed,C-22345,"Stanley STGS9100 900W,100mm Small Angle Grinder (Yellow and Black)"
7123345,05/04/2020,Srinivas Enterprises,11236,"6,71,42,774",Power-8070,19491,14,272874,Completed,C-22345,"Stanley STGS9100 900W,100mm Small Angle Grinder (Yellow and Black)"
7123345,05/04/2020,Srinivas Enterprises,11236,"6,71,42,774",Power-8071,18696,21,392616,Completed,C-22345,"Stanley STGS9100 900W,100mm Small Angle Grinder (Yellow and Black)"
7123345,05/04/2020,Srinivas Enterprises,11236,"6,71,42,774",Power-8072,14619,24,350856,Completed,C-22345,"Stanley STGS9100 900W,100mm Small Angle Grinder (Yellow and Black)"
7123345,05/04/2020,Srinivas Enterprises,11236,"6,71,42,774",Power-8073,17979,30,539370,Completed,C-22345,"Stanley STGS9100 900W,100mm Small Angle Grinder (Yellow and Black)"
7123345,05/04/2020,Srinivas Enterprises,11236,"6,71,42,774",Power-8074,7221,6,43326,Completed,C-22345,"Stanley STGS9100 900W,100mm Small Angle Grinder (Yellow and Black)"
7123345,05/04/2020,Srinivas Enterprises,11236,"6,71,42,774",Power-8075,7912,24,189888,Completed,C-22345,"Stanley STGS9100 900W,100mm Small Angle Grinder (Yellow and Black)"
7123345,05/04/2020,Srinivas Enterprises,11236,"6,71,42,774",Power-8076,19196,11,211156,Completed,C-22345,"Stanley STGS9100 900W,100mm Small Angle Grinder (Yellow and Black)"
7123345,05/04/2020,Srinivas Enterprises,11236,"6,71,42,774",Power-8077,18261,26,474786,Completed,C-22345,"Stanley STGS9100 900W,100mm Small Angle Grinder (Yellow and Black)"
